{
  "title" : "Welcome to macOS Onboarder by Interconnekt",
  "message" : "Please wait while we configure your Mac...",
  "blurscreen":true,
  "moveable":false,
  "ontop":true,
  "width": "900",
  "height": "600",
  "button1text": "Exit (Installations will continue)",
  "icon" : "/Library/Application Support/Microsoft/IntuneScripts/Swift dialog/icons/Interconnekt_Logo.png",
  "centreicon":false,
  "iconsize" : "150",
  "listitem" : [
    {"title" : "Company Portal", "icon" : "/Library/Application Support/Microsoft/IntuneScripts/Swift dialog/icons/CompanyPortal.png", "status" : "pending", "statustext" : "Pending"},
    {"title" : "Microsoft Edge", "icon" : "/Library/Application Support/Microsoft/IntuneScripts/Swift dialog/icons/Edge.png", "status" : "pending", "statustext" : "Pending"},
    {"title" : "Microsoft Teams", "icon" : "/Library/Application Support/Microsoft/IntuneScripts/Swift dialog/icons/Teams.png", "status" : "pending", "statustext" : "Pending"},
    {"title" : "Microsoft Defender", "icon" : "/Library/Application Support/Microsoft/IntuneScripts/Swift dialog/icons/Defender.png", "status" : "pending", "statustext" : "Pending"},
    {"title" : "Huntress MDR Agent", "icon" : "/Library/Application Support/Microsoft/IntuneScripts/Swift dialog/icons/Huntress.png", "status" : "pending", "statustext" : "Pending"},
    {"title" : "Huntress Extension Authorisation", "icon" : "/Library/Application Support/Microsoft/IntuneScripts/Swift dialog/icons/Huntress.png", "status" : "pending", "statustext" : "Pending"},
    {"title" : "Configure Dock", "icon" : "/Library/Application Support/Microsoft/IntuneScripts/Swift dialog/icons/Settings.png", "status" : "pending", "statustext" : "Pending"},
    {"title" : "Check FileVault Status", "icon" : "/Library/Application Support/Microsoft/IntuneScripts/Swift dialog/icons/Settings.png", "status" : "pending", "statustext" : "Pending"},
    {"title" : "Device Rename", "icon" : "/Library/Application Support/Microsoft/IntuneScripts/Swift dialog/icons/Settings.png", "status" : "pending", "statustext" : "Pending"},
    {"title" : "Set Timezone", "icon" : "/Library/Application Support/Microsoft/IntuneScripts/Swift dialog/icons/Settings.png", "status" : "pending", "statustext" : "Pending"},
  ]
}



