{
    "title" : "Welcome to macOS Onboarder by Interconnekt",
    "message" : "Your computer setup is underway. Feel free to step away, this could take 30 minutes or more. \n\nYour computer will restart when it's ready for use",
    "blurscreen": true,
    "moveable": false,
    "ontop": true,
    "width": "800",
    "icon" : "/Library/Application Support/Microsoft/IntuneScripts/Swift dialog/Interconnekt_Logo.png",
    "centreicon": false,
    "iconsize" : "100",
    "listitem" : [
      {"title" : "Company Portal", "icon" : "/Library/Application Support/Microsoft/IntuneScripts/Swift dialog/icons/CompanyPortal.png", "status" : "pending", "statustext" : "Pending"},
      {"title" : "Microsoft Office", "icon" : "/Library/Application Support/Microsoft/IntuneScripts/Swift dialog/icons/office.png", "status" : "pending", "statustext" : "Pending"},
      {"title" : "Microsoft Edge", "icon" : "/Library/Application Support/Microsoft/IntuneScripts/Swift dialog/icons/Edge.png", "status" : "pending", "statustext" : "Pending"},
      {"title" : "Microsoft Defender", "icon" : "/Library/Application Support/Microsoft/IntuneScripts/Swift dialog/icons/Defender.png", "status" : "pending", "statustext" : "Pending"},
      {"title" : "Huntress MDR Agent", "icon" : "/Library/Application Support/Microsoft/IntuneScripts/Swift dialog/icons/Huntress.png", "status" : "pending", "statustext" : "Pending"},
      {"title" : "Huntress Extension Authorisation", "icon" : "/Library/Application Support/Microsoft/IntuneScripts/Swift dialog/icons/Huntress.png", "status" : "pending", "statustext" : "Pending"},
      {"title" : "Enable OneDrive Finder Integration", "icon" : "/Library/Application Support/Microsoft/IntuneScripts/Swift dialog/icons/OneDrive.png", "status" : "pending", "statustext" : "Pending"},
      {"title" : "Configure Dock", "icon" : "/Library/Application Support/Microsoft/IntuneScripts/Swift dialog/icons/Settings.png", "status" : "pending", "statustext" : "Pending"},
      {"title" : "Device Rename", "icon" : "/Library/Application Support/Microsoft/IntuneScripts/Swift dialog/icons/Settings.png", "status" : "pending", "statustext" : "Pending"},
      {"title" : "Set Timezone", "icon" : "/Library/Application Support/Microsoft/IntuneScripts/Swift dialog/icons/Settings.png", "status" : "pending", "statustext" : "Pending"},
      {"title" : "Wallpaper", "icon" : "/Library/Application Support/Microsoft/IntuneScripts/Swift dialog/icons/Settings.png", "status" : "pending", "statustext" : "Pending"}
    ]
    "buttonarray": [
      {
        "buttontitle": "Contact IT Helpdesk",
        "buttonactiontype": "open",
        "buttonaction": "mailto:support@interconnekt.com.au?subject=Enrollment%20Issue&body=Please%20see%20attached%20enrollment%20log.&attachment=file:///Library/Application%20Support/Microsoft/IntuneScripts/onBoarding/onboarding.log",
        "key": "i"
      }
    ]
  }